{"AFIRMASI KETM": {"precision": 0.8888888888888888, "recall": 0.8, "f1-score": 0.8421052631578947, "support": 10.0}, "ANAK GURU": {"precision": 0.5, "recall": 0.6666666666666666, "f1-score": 0.5714285714285714, "support": 3.0}, "PRESTASI KEJUARAAN": {"precision": 0.0, "recall": 0.0, "f1-score": 0.0, "support": 8.0}, "PRESTASI RAPOT": {"precision": 1.0, "recall": 0.14285714285714285, "f1-score": 0.25, "support": 7.0}, "ZONASI": {"precision": 0.8157894736842105, "recall": 1.0, "f1-score": 0.8985507246376812, "support": 62.0}, "accuracy": 0.8111111111111111, "macro avg": {"precision": 0.6409356725146199, "recall": 0.5219047619047619, "f1-score": 0.5124169118448295, "support": 90.0}, "weighted avg": {"precision": 0.7551981806367771, "recall": 0.8111111111111111, "f1-score": 0.75106092526001, "support": 90.0}}